{
  "width": 640,
  "height": 360,
  "fps": 30,
  "main": "./script/aez_bundle_main.js",
  "assets": {
    "ui_common": {
      "type": "image",
      "width": 1024,
      "height": 1024,
      "path": "files/1c1e101adc4334d2129b.png",
      "hint": {
        "untainted": true
      },
      "virtualPath": "image/ui_common.png"
    },
    "glyph28": {
      "type": "text",
      "path": "files/1f8987b04c636ad42575.json",
      "virtualPath": "text/glyph28.json"
    },
    "glyph72": {
      "type": "text",
      "path": "files/b3f1905bacd20ca03885.json",
      "virtualPath": "text/glyph72.json"
    },
    "glyph32_yellow": {
      "type": "text",
      "path": "files/39603f1b2f1746325b96.json",
      "virtualPath": "text/glyph32_yellow.json"
    },
    "jin_000": {
      "type": "audio",
      "path": "files/c737e8788c8ed0b6ec4b",
      "systemId": "sound",
      "duration": 2984,
      "virtualPath": "audio/jin_000"
    },
    "bgm_130": {
      "type": "audio",
      "path": "files/2476e1c5ebca99bec4d1",
      "systemId": "music",
      "duration": 11498,
      "virtualPath": "audio/bgm_130"
    },
    "jin_002": {
      "type": "audio",
      "path": "files/205cc62cb3b8c8b403f0",
      "systemId": "sound",
      "duration": 1998,
      "virtualPath": "audio/jin_002"
    },
    "se_001a": {
      "type": "audio",
      "path": "files/c8801a4af057df75c445",
      "systemId": "sound",
      "duration": 1237,
      "virtualPath": "audio/se_001a"
    },
    "se_001c": {
      "type": "audio",
      "path": "files/678d965eb1a216cbcd1d",
      "systemId": "sound",
      "duration": 770,
      "virtualPath": "audio/se_001c"
    },
    "se_002c": {
      "type": "audio",
      "path": "files/9b02e37f9785bb07e2c9",
      "systemId": "sound",
      "duration": 1005,
      "virtualPath": "audio/se_002c"
    },
    "se_003": {
      "type": "audio",
      "path": "files/7ba5a21534c7f242d8a1",
      "systemId": "sound",
      "duration": 2171,
      "virtualPath": "audio/se_003"
    },
    "se_004": {
      "type": "audio",
      "path": "files/2796ea0a544eff572970",
      "systemId": "sound",
      "duration": 1104,
      "virtualPath": "audio/se_004"
    },
    "se_005A_mono": {
      "type": "audio",
      "path": "files/2ccbaccb221e22b1cfe3",
      "systemId": "sound",
      "duration": 2030,
      "virtualPath": "audio/se_005A_mono"
    },
    "se_006B_mono": {
      "type": "audio",
      "path": "files/e4cd13450d06732c4514",
      "systemId": "sound",
      "duration": 1029,
      "virtualPath": "audio/se_006B_mono"
    },
    "se_100c": {
      "type": "audio",
      "path": "files/d4f4caf472ce77d3d54d",
      "systemId": "sound",
      "duration": 924,
      "virtualPath": "audio/se_100c"
    },
    "bg_uchu_space": {
      "type": "image",
      "path": "files/d668357b66533d7e7dcd.jpg",
      "width": 600,
      "height": 338,
      "hint": {
        "untainted": true
      },
      "virtualPath": "image/bg_uchu_space.jpg"
    },
    "bg": {
      "type": "image",
      "path": "files/de3cd472a1a62597df66.png",
      "width": 640,
      "height": 360,
      "hint": {
        "untainted": true
      },
      "virtualPath": "image/bg.png"
    },
    "kaizokusen": {
      "type": "image",
      "path": "files/36fdb1fbadc954a2cba3.png",
      "width": 400,
      "height": 328,
      "hint": {
        "untainted": true
      },
      "virtualPath": "image/kaizokusen.png"
    },
    "title": {
      "type": "image",
      "path": "files/6a2fc763d1ca590c49f9.png",
      "width": 640,
      "height": 360,
      "hint": {
        "untainted": true
      },
      "virtualPath": "image/title.png"
    },
    "rocket": {
      "type": "image",
      "path": "files/e86f130aaa04220ef1d9.png",
      "width": 479,
      "height": 296,
      "hint": {
        "untainted": true
      },
      "virtualPath": "image/rocket.png"
    },
    "eisei": {
      "type": "image",
      "path": "files/02835a6b0392494e173b.png",
      "width": 400,
      "height": 382,
      "hint": {
        "untainted": true
      },
      "virtualPath": "image/eisei.png"
    },
    "moon": {
      "type": "image",
      "path": "files/b3ccc3c72c00b74ed619.png",
      "width": 200,
      "height": 200,
      "hint": {
        "untainted": true
      },
      "virtualPath": "image/moon.png"
    },
    "kurage": {
      "type": "image",
      "path": "files/a2bccfce866cbb4f9251.png",
      "width": 400,
      "height": 381,
      "hint": {
        "untainted": true
      },
      "virtualPath": "image/kurage.png"
    },
    "readygo_tsuno": {
      "type": "audio",
      "path": "files/4ab31856cb106b092d24",
      "systemId": "sound",
      "duration": 1579,
      "virtualPath": "audio/readygo_tsuno"
    },
    "aez_bundle_main": {
      "type": "script",
      "global": true,
      "path": "files/f086925699839f7a9594.js",
      "virtualPath": "script/aez_bundle_main.js"
    }
  },
  "moduleMainScripts": {
    "@akashic-extension/akashic-timeline": "node_modules/@akashic-extension/akashic-timeline/lib/index.js"
  },
  "environment": {
    "sandbox-runtime": "2",
    "niconico": {
      "supportedModes": [
        "ranking"
      ],
      "preferredSessionParameters": {
        "totalTimeLimit": 40
      }
    },
    "external": {
      "send": "0"
    },
    "akashic-runtime": {
      "version": "~2.1.57-2",
      "flavor": "-canvas"
    }
  },
  "globalScripts": [],
  "exportZipInfo": {
    "version": "1.7.37",
    "option": {
      "force": true,
      "strip": true,
      "minify": false,
      "minifyJs": false,
      "minifyJson": false,
      "packImage": false,
      "bundle": true,
      "babel": true,
      "targetService": "nicolive"
    }
  }
}